<?xml version="1.0" encoding="UTF-8"?>
<project-private xmlns="http://www.netbeans.org/ns/project-private/1">
    <editor-bookmarks xmlns="http://www.netbeans.org/ns/editor-bookmarks/2" lastBookmarkId="0"/>
    <open-files xmlns="http://www.netbeans.org/ns/projectui-open-files/2">
        <group>
            <file>file:/C:/my_apps/20231005-aGo_Prox/unidirectional/ago_avr128da48_12ch_slider.X/main.c</file>
            <file>file:/C:/my_apps/20231005-aGo_Prox/unidirectional/ago_avr128da48_12ch_slider.X/mcc_generated_files/touch/datastreamer/datastreamer.c</file>
            <file>file:/C:/my_apps/20231005-aGo_Prox/unidirectional/ago_avr128da48_12ch_slider.X/mcc_generated_files/touch/touch.h</file>
        </group>
    </open-files>
</project-private>
