<?xml version="1.0" encoding="UTF-8"?>
<project-private xmlns="http://www.netbeans.org/ns/project-private/1">
    <editor-bookmarks xmlns="http://www.netbeans.org/ns/editor-bookmarks/2" lastBookmarkId="0"/>
    <open-files xmlns="http://www.netbeans.org/ns/projectui-open-files/2">
        <group>
            <file>file:/C:/my_apps/20231005-aGo_Prox/avrda_mat_sensor/ago_avr128da48_mat.X/mcc_generated_files/touch/include/qtm_acq_avr_da_0x0037_api.h</file>
            <file>file:/C:/my_apps/20231005-aGo_Prox/avrda_mat_sensor/ago_avr128da48_mat.X/main.c</file>
            <file>file:/C:/my_apps/20231005-aGo_Prox/avrda_mat_sensor/ago_avr128da48_mat.X/mcc_generated_files/system/src/system.c</file>
            <file>file:/C:/my_apps/20231005-aGo_Prox/avrda_mat_sensor/ago_avr128da48_mat.X/mcc_generated_files/system/src/pins.c</file>
            <file>file:/C:/my_apps/20231005-aGo_Prox/avrda_mat_sensor/ago_avr128da48_mat.X/mcc_generated_files/uart/src/usart1.c</file>
            <file>file:/C:/my_apps/20231005-aGo_Prox/avrda_mat_sensor/ago_avr128da48_mat.X/mcc_generated_files/touch/touch.c</file>
            <file>file:/C:/my_apps/20231005-aGo_Prox/avrda_mat_sensor/ago_avr128da48_mat.X/mat_decode.c</file>
            <file>file:/C:/my_apps/20231005-aGo_Prox/avrda_mat_sensor/ago_avr128da48_mat.X/mcc_generated_files/touch/include/qtm_touch_key_0x0002_api.h</file>
            <file>file:/C:/my_apps/20231005-aGo_Prox/avrda_mat_sensor/ago_avr128da48_mat.X/mat_decode.h</file>
            <file>file:/C:/my_apps/20231005-aGo_Prox/avrda_mat_sensor/ago_avr128da48_mat.X/mcc_generated_files/touch/datastreamer/03EB00000000000000AA5501.ds</file>
            <file>file:/C:/my_apps/20231005-aGo_Prox/avrda_mat_sensor/ago_avr128da48_mat.X/mcc_generated_files/touch/touch.h</file>
            <file>file:/C:/my_apps/20231005-aGo_Prox/avrda_mat_sensor/ago_avr128da48_mat.X/app_object_counter.c</file>
        </group>
    </open-files>
</project-private>
