<?xml version="1.0" encoding="UTF-8" standalone="no"?><configurationDescriptor version="65">
  <logicalFolder displayName="root" name="root" projectFiles="true">
    <logicalFolder displayName="Header Files" name="HeaderFiles" projectFiles="true">
      <logicalFolder displayName="MCC Generated Files" name="MCC Generated Files" projectFiles="true">
        <logicalFolder displayName="system" name="system" projectFiles="true">
          <logicalFolder displayName="utils" name="utils" projectFiles="true">
            <logicalFolder displayName="assembler" name="assembler" projectFiles="true">
              <itemPath>mcc_generated_files/system/utils/assembler/iar.h</itemPath>
              <itemPath>mcc_generated_files/system/utils/assembler/gas.h</itemPath>
            </logicalFolder>
            <itemPath>mcc_generated_files/system/utils/interrupt_avr8.h</itemPath>
            <itemPath>mcc_generated_files/system/utils/utils.h</itemPath>
            <itemPath>mcc_generated_files/system/utils/compiler.h</itemPath>
            <itemPath>mcc_generated_files/system/utils/utils_assert.h</itemPath>
            <itemPath>mcc_generated_files/system/utils/assembler.h</itemPath>
            <itemPath>mcc_generated_files/system/utils/atomic.h</itemPath>
          </logicalFolder>
          <itemPath>mcc_generated_files/system/port.h</itemPath>
          <itemPath>mcc_generated_files/system/interrupt.h</itemPath>
          <itemPath>mcc_generated_files/system/system.h</itemPath>
          <itemPath>mcc_generated_files/system/ccp.h</itemPath>
          <itemPath>mcc_generated_files/system/pins.h</itemPath>
          <itemPath>mcc_generated_files/system/config_bits.h</itemPath>
          <itemPath>mcc_generated_files/system/protected_io.h</itemPath>
          <itemPath>mcc_generated_files/system/clock.h</itemPath>
        </logicalFolder>
        <logicalFolder displayName="timer" name="timer" projectFiles="true">
          <itemPath>mcc_generated_files/timer/rtc.h</itemPath>
        </logicalFolder>
        <logicalFolder displayName="touch" name="touch" projectFiles="true">
          <logicalFolder displayName="datastreamer" name="datastreamer" projectFiles="true">
            <itemPath>mcc_generated_files/touch/datastreamer/datastreamer.h</itemPath>
          </logicalFolder>
          <logicalFolder displayName="example" name="example" projectFiles="true">
            <itemPath>mcc_generated_files/touch/example/touch_example.h</itemPath>
          </logicalFolder>
          <logicalFolder displayName="include" name="include" projectFiles="true">
            <itemPath>mcc_generated_files/touch/include/touch_api_ptc.h</itemPath>
            <itemPath>mcc_generated_files/touch/include/qtm_acq_avr_da_0x0037_api.h</itemPath>
            <itemPath>mcc_generated_files/touch/include/qtm_common_components_api.h</itemPath>
            <itemPath>mcc_generated_files/touch/include/qtm_touch_key_0x0002_api.h</itemPath>
            <itemPath>mcc_generated_files/touch/include/qtm_scroller_0x000b_api.h</itemPath>
          </logicalFolder>
          <itemPath>mcc_generated_files/touch/touch.h</itemPath>
        </logicalFolder>
        <logicalFolder displayName="uart" name="uart" projectFiles="true">
          <itemPath>mcc_generated_files/uart/uart_drv_interface.h</itemPath>
          <itemPath>mcc_generated_files/uart/usart1.h</itemPath>
          <itemPath>mcc_generated_files/uart/uart_types.h</itemPath>
        </logicalFolder>
      </logicalFolder>
      <itemPath>touch_iir.h</itemPath>
      <itemPath>amazon.h</itemPath>
    </logicalFolder>
    <logicalFolder displayName="Linker Files" name="LinkerScript" projectFiles="true">
    </logicalFolder>
    <logicalFolder displayName="Source Files" name="SourceFiles" projectFiles="true">
      <logicalFolder displayName="MCC Generated Files" name="MCC Generated Files" projectFiles="true">
        <logicalFolder displayName="system" name="system" projectFiles="true">
          <logicalFolder displayName="src" name="src" projectFiles="true">
            <itemPath>mcc_generated_files/system/src/pins.c</itemPath>
            <itemPath>mcc_generated_files/system/src/protected_io.S</itemPath>
            <itemPath>mcc_generated_files/system/src/interrupt.c</itemPath>
            <itemPath>mcc_generated_files/system/src/clock.c</itemPath>
            <itemPath>mcc_generated_files/system/src/system.c</itemPath>
            <itemPath>mcc_generated_files/system/src/config_bits.c</itemPath>
          </logicalFolder>
        </logicalFolder>
        <logicalFolder displayName="timer" name="timer" projectFiles="true">
          <logicalFolder displayName="src" name="src" projectFiles="true">
            <itemPath>mcc_generated_files/timer/src/rtc.c</itemPath>
          </logicalFolder>
        </logicalFolder>
        <logicalFolder displayName="touch" name="touch" projectFiles="true">
          <logicalFolder displayName="datastreamer" name="datastreamer" projectFiles="true">
            <itemPath>mcc_generated_files/touch/datastreamer/03EB00000000000000AA5501.ds</itemPath>
            <itemPath>mcc_generated_files/touch/datastreamer/03EB00000000000000AA5501.sc</itemPath>
            <itemPath>mcc_generated_files/touch/datastreamer/03EB00000000000000AA5501.db</itemPath>
            <itemPath>mcc_generated_files/touch/datastreamer/datastreamer.c</itemPath>
          </logicalFolder>
          <logicalFolder displayName="example" name="example" projectFiles="true">
            <itemPath>mcc_generated_files/touch/example/touch_example.c</itemPath>
          </logicalFolder>
          <itemPath>mcc_generated_files/touch/touch.c</itemPath>
        </logicalFolder>
        <logicalFolder displayName="uart" name="uart" projectFiles="true">
          <logicalFolder displayName="src" name="src" projectFiles="true">
            <itemPath>mcc_generated_files/uart/src/usart1.c</itemPath>
          </logicalFolder>
        </logicalFolder>
      </logicalFolder>
      <itemPath>main.c</itemPath>
      <itemPath>touch_iir.c</itemPath>
    </logicalFolder>
    <logicalFolder displayName="Important Files" name="ExternalFiles" projectFiles="false">
      <itemPath>Makefile</itemPath>
      <itemPath>avr128da48.mc3</itemPath>
    </logicalFolder>
  </logicalFolder>
  <sourceRootList>
    <Elem>.</Elem>
  </sourceRootList>
  <projectmakefile>Makefile</projectmakefile>
  <confs>
    <conf name="default" type="2">
      <toolsSet>
        <developmentServer>localhost</developmentServer>
        <targetDevice>AVR128DA48</targetDevice>
        <targetHeader/>
        <targetPluginBoard/>
        <platformTool>nEdbgTool</platformTool>
        <languageToolchain>XC8</languageToolchain>
        <languageToolchainVersion>2.41</languageToolchainVersion>
        <platform>3</platform>
      </toolsSet>
      <packs>
        <pack name="AVR-Dx_DFP" vendor="Microchip" version="2.3.272"/>
      </packs>
      <ScriptingSettings>
      </ScriptingSettings>
      <compileType>
        <linkerTool>
          <linkerLibItems>
            <linkerLibFileItem>mcc_generated_files/touch/libraries/libqtm_touch_key_avr128da_0x0002.X.a</linkerLibFileItem>
            <linkerLibFileItem>mcc_generated_files/touch/libraries/libqtm_acq_avr128da_0x0037.X.a</linkerLibFileItem>
            <linkerLibFileItem>mcc_generated_files/touch/libraries/libqtm_scroller_avr128da_0x000b.X.a</linkerLibFileItem>
          </linkerLibItems>
        </linkerTool>
        <archiverTool>
        </archiverTool>
        <loading>
          <useAlternateLoadableFile>false</useAlternateLoadableFile>
          <parseOnProdLoad>false</parseOnProdLoad>
          <alternateLoadableFile/>
        </loading>
        <subordinates>
        </subordinates>
      </compileType>
      <makeCustomizationType>
        <makeCustomizationPreStepEnabled>false</makeCustomizationPreStepEnabled>
        <makeUseCleanTarget>false</makeUseCleanTarget>
        <makeCustomizationPreStep/>
        <makeCustomizationPostStepEnabled>false</makeCustomizationPostStepEnabled>
        <makeCustomizationPostStep/>
        <makeCustomizationPutChecksumInUserID>false</makeCustomizationPutChecksumInUserID>
        <makeCustomizationEnableLongLines>false</makeCustomizationEnableLongLines>
        <makeCustomizationNormalizeHexFile>false</makeCustomizationNormalizeHexFile>
      </makeCustomizationType>
      <HI-TECH-COMP>
        <property key="additional-warnings" value="true"/>
        <property key="asmlist" value="true"/>
        <property key="call-prologues" value="false"/>
        <property key="default-bitfield-type" value="true"/>
        <property key="default-char-type" value="true"/>
        <property key="define-macros" value=""/>
        <property key="disable-optimizations" value="false"/>
        <property key="extra-include-directories" value=""/>
        <property key="favor-optimization-for" value="-speed,+space"/>
        <property key="garbage-collect-data" value="true"/>
        <property key="garbage-collect-functions" value="true"/>
        <property key="identifier-length" value="255"/>
        <property key="local-generation" value="false"/>
        <property key="operation-mode" value="free"/>
        <property key="opt-xc8-compiler-strict_ansi" value="false"/>
        <property key="optimization-assembler" value="true"/>
        <property key="optimization-assembler-files" value="false"/>
        <property key="optimization-debug" value="false"/>
        <property key="optimization-invariant-enable" value="false"/>
        <property key="optimization-invariant-value" value="16"/>
        <property key="optimization-level" value="-O1"/>
        <property key="optimization-speed" value="false"/>
        <property key="optimization-stable-enable" value="false"/>
        <property key="preprocess-assembler" value="true"/>
        <property key="short-enums" value="true"/>
        <property key="tentative-definitions" value="-fno-common"/>
        <property key="undefine-macros" value=""/>
        <property key="use-cci" value="false"/>
        <property key="use-iar" value="false"/>
        <property key="verbose" value="false"/>
        <property key="warning-level" value="-3"/>
        <property key="what-to-do" value="ignore"/>
      </HI-TECH-COMP>
      <HI-TECH-LINK>
        <property key="additional-options-checksum" value=""/>
        <property key="additional-options-code-offset" value=""/>
        <property key="additional-options-command-line" value=""/>
        <property key="additional-options-errata" value=""/>
        <property key="additional-options-extend-address" value="false"/>
        <property key="additional-options-trace-type" value=""/>
        <property key="additional-options-use-response-files" value="false"/>
        <property key="backup-reset-condition-flags" value="false"/>
        <property key="calibrate-oscillator" value="false"/>
        <property key="calibrate-oscillator-value" value="0x3400"/>
        <property key="clear-bss" value="true"/>
        <property key="code-model-external" value="wordwrite"/>
        <property key="code-model-rom" value=""/>
        <property key="create-html-files" value="false"/>
        <property key="data-model-ram" value=""/>
        <property key="data-model-size-of-double" value="24"/>
        <property key="data-model-size-of-double-gcc" value="no-short-double"/>
        <property key="data-model-size-of-float" value="24"/>
        <property key="data-model-size-of-float-gcc" value="no-short-float"/>
        <property key="display-class-usage" value="false"/>
        <property key="display-hex-usage" value="false"/>
        <property key="display-overall-usage" value="true"/>
        <property key="display-psect-usage" value="false"/>
        <property key="extra-lib-directories" value=""/>
        <property key="fill-flash-options-addr" value=""/>
        <property key="fill-flash-options-const" value=""/>
        <property key="fill-flash-options-how" value="0"/>
        <property key="fill-flash-options-inc-const" value="1"/>
        <property key="fill-flash-options-increment" value=""/>
        <property key="fill-flash-options-seq" value=""/>
        <property key="fill-flash-options-what" value="0"/>
        <property key="format-hex-file-for-download" value="false"/>
        <property key="initialize-data" value="true"/>
        <property key="input-libraries" value="libm"/>
        <property key="keep-generated-startup.as" value="false"/>
        <property key="link-in-c-library" value="true"/>
        <property key="link-in-c-library-gcc" value=""/>
        <property key="link-in-peripheral-library" value="false"/>
        <property key="managed-stack" value="false"/>
        <property key="opt-xc8-linker-file" value="false"/>
        <property key="opt-xc8-linker-link_startup" value="false"/>
        <property key="opt-xc8-linker-serial" value=""/>
        <property key="program-the-device-with-default-config-words" value="false"/>
        <property key="remove-unused-sections" value="true"/>
      </HI-TECH-LINK>
      <Tool>
        <property key="AutoSelectMemRanges" value="auto"/>
        <property key="communication.activationmode" value="nohv"/>
        <property key="communication.interface" value="updi"/>
        <property key="communication.speed" value="0.500"/>
        <property key="debugoptions.debug-startup" value="Use system settings"/>
        <property key="debugoptions.reset-behaviour" value="Use system settings"/>
        <property key="debugoptions.useswbreakpoints" value="true"/>
        <property key="event.recorder.enabled" value="false"/>
        <property key="event.recorder.scvd.files" value=""/>
        <property key="firmware.path" value="Press to browse for a specific firmware version"/>
        <property key="firmware.toolpack" value="Press to select which tool pack to use"/>
        <property key="firmware.update.action" value="firmware.update.use.latest"/>
        <property key="freeze.timers" value="false"/>
        <property key="lastid" value=""/>
        <property key="memories.aux" value="false"/>
        <property key="memories.bootflash" value="true"/>
        <property key="memories.configurationmemory" value="true"/>
        <property key="memories.configurationmemory2" value="true"/>
        <property key="memories.dataflash" value="true"/>
        <property key="memories.eeprom" value="true"/>
        <property key="memories.exclude.configurationmemory" value="true"/>
        <property key="memories.flashdata" value="true"/>
        <property key="memories.id" value="true"/>
        <property key="memories.instruction.ram.ranges" value="${memories.instruction.ram.ranges}"/>
        <property key="memories.programmemory" value="true"/>
        <property key="memories.programmemory.ranges" value="0-ffff"/>
        <property key="poweroptions.powerenable" value="false"/>
        <property key="programoptions.eraseb4program" value="true"/>
        <property key="programoptions.preservedataflash" value="false"/>
        <property key="programoptions.preservedataflash.ranges" value="${memories.dataflash.default}"/>
        <property key="programoptions.preserveeeprom" value="false"/>
        <property key="programoptions.preserveeeprom.ranges" value="1400-15ff"/>
        <property key="programoptions.preserveprogram.ranges" value=""/>
        <property key="programoptions.preserveprogramrange" value="false"/>
        <property key="programoptions.preserveuserid" value="false"/>
        <property key="programoptions.programuserotp" value="false"/>
        <property key="toolpack.updateoptions" value="toolpack.updateoptions.uselatestoolpack"/>
        <property key="toolpack.updateoptions.packversion" value="Press to select which tool pack to use"/>
        <property key="voltagevalue" value=""/>
      </Tool>
      <XC8-CO>
        <property key="coverage-enable" value=""/>
        <property key="stack-guidance" value="false"/>
      </XC8-CO>
      <XC8-config-global>
        <property key="advanced-elf" value="true"/>
        <property key="constdata-progmem" value="true"/>
        <property key="gcc-opt-driver-new" value="true"/>
        <property key="gcc-opt-std" value="-std=c99"/>
        <property key="gcc-output-file-format" value="dwarf-3"/>
        <property key="mapped-progmem" value="false"/>
        <property key="omit-pack-options" value="false"/>
        <property key="omit-pack-options-new" value="1"/>
        <property key="output-file-format" value="-mcof,+elf"/>
        <property key="smart-io-format" value=""/>
        <property key="stack-size-high" value="auto"/>
        <property key="stack-size-low" value="auto"/>
        <property key="stack-size-main" value="auto"/>
        <property key="stack-type" value="compiled"/>
        <property key="user-pack-device-support" value=""/>
        <property key="wpo-lto" value="false"/>
      </XC8-config-global>
      <nEdbgTool>
        <property key="AutoSelectMemRanges" value="auto"/>
        <property key="communication.activationmode" value="nohv"/>
        <property key="communication.interface" value="updi"/>
        <property key="communication.speed" value="0.500"/>
        <property key="debugoptions.debug-startup" value="Use system settings"/>
        <property key="debugoptions.reset-behaviour" value="Use system settings"/>
        <property key="debugoptions.useswbreakpoints" value="true"/>
        <property key="event.recorder.enabled" value="false"/>
        <property key="event.recorder.scvd.files" value=""/>
        <property key="firmware.path" value="Press to browse for a specific firmware version"/>
        <property key="firmware.toolpack" value="Press to select which tool pack to use"/>
        <property key="firmware.update.action" value="firmware.update.use.latest"/>
        <property key="freeze.timers" value="false"/>
        <property key="lastid" value=""/>
        <property key="memories.aux" value="false"/>
        <property key="memories.bootflash" value="true"/>
        <property key="memories.configurationmemory" value="true"/>
        <property key="memories.configurationmemory2" value="true"/>
        <property key="memories.dataflash" value="true"/>
        <property key="memories.eeprom" value="true"/>
        <property key="memories.exclude.configurationmemory" value="true"/>
        <property key="memories.flashdata" value="true"/>
        <property key="memories.id" value="true"/>
        <property key="memories.instruction.ram.ranges" value="${memories.instruction.ram.ranges}"/>
        <property key="memories.programmemory" value="true"/>
        <property key="memories.programmemory.ranges" value="0-ffff"/>
        <property key="poweroptions.powerenable" value="false"/>
        <property key="programoptions.eraseb4program" value="true"/>
        <property key="programoptions.preservedataflash" value="false"/>
        <property key="programoptions.preservedataflash.ranges" value="${memories.dataflash.default}"/>
        <property key="programoptions.preserveeeprom" value="false"/>
        <property key="programoptions.preserveeeprom.ranges" value="1400-15ff"/>
        <property key="programoptions.preserveprogram.ranges" value=""/>
        <property key="programoptions.preserveprogramrange" value="false"/>
        <property key="programoptions.preserveuserid" value="false"/>
        <property key="programoptions.programuserotp" value="false"/>
        <property key="toolpack.updateoptions" value="toolpack.updateoptions.uselatestoolpack"/>
        <property key="toolpack.updateoptions.packversion" value="Press to select which tool pack to use"/>
        <property key="voltagevalue" value=""/>
      </nEdbgTool>
    </conf>
  </confs>
</configurationDescriptor>